user_id,state,created_date,last_login,role,active,sign_up_source
5ff1e194b6a9d73a3a9f1052,WI,2021-01-03 10:24:04.800000-05:00,2021-01-03 10:25:37.858000-05:00,consumer,True,Email
5ff1e194b6a9d73a3a9f1052,WI,2021-01-03 10:24:04.800000-05:00,2021-01-03 10:25:37.858000-05:00,consumer,True,Email
5ff1e194b6a9d73a3a9f1052,WI,2021-01-03 10:24:04.800000-05:00,2021-01-03 10:25:37.858000-05:00,consumer,True,Email
5ff1e1eacfcf6c399c274ae6,WI,2021-01-03 10:25:30.554000-05:00,2021-01-03 10:25:30.597000-05:00,consumer,True,Email
5ff1e194b6a9d73a3a9f1052,WI,2021-01-03 10:24:04.800000-05:00,2021-01-03 10:25:37.858000-05:00,consumer,True,Email
5ff1e194b6a9d73a3a9f1052,WI,2021-01-03 10:24:04.800000-05:00,2021-01-03 10:25:37.858000-05:00,consumer,True,Email
5ff1e1e8cfcf6c399c274ad9,WI,2021-01-03 10:25:28.354000-05:00,2021-01-03 10:25:28.392000-05:00,consumer,True,Email
5ff1e1b7cfcf6c399c274a5a,WI,2021-01-03 10:24:39.626000-05:00,2021-01-03 10:24:39.665000-05:00,consumer,True,Email
5ff1e194b6a9d73a3a9f1052,WI,2021-01-03 10:24:04.800000-05:00,2021-01-03 10:25:37.858000-05:00,consumer,True,Email
5ff1e1f1cfcf6c399c274b0b,WI,2021-01-03 10:25:37.564000-05:00,2021-01-03 10:25:37.599000-05:00,consumer,True,Email
5ff1e194b6a9d73a3a9f1052,WI,2021-01-03 10:24:04.800000-05:00,2021-01-03 10:25:37.858000-05:00,consumer,True,Email
5ff1e1eacfcf6c399c274ae6,WI,2021-01-03 10:25:30.554000-05:00,2021-01-03 10:25:30.597000-05:00,consumer,True,Email
5ff1e194b6a9d73a3a9f1052,WI,2021-01-03 10:24:04.800000-05:00,2021-01-03 10:25:37.858000-05:00,consumer,True,Email
5ff1e1eacfcf6c399c274ae6,WI,2021-01-03 10:25:30.554000-05:00,2021-01-03 10:25:30.597000-05:00,consumer,True,Email
5ff1e194b6a9d73a3a9f1052,WI,2021-01-03 10:24:04.800000-05:00,2021-01-03 10:25:37.858000-05:00,consumer,True,Email
5ff1e194b6a9d73a3a9f1052,WI,2021-01-03 10:24:04.800000-05:00,2021-01-03 10:25:37.858000-05:00,consumer,True,Email
5ff1e1e4cfcf6c399c274ac3,WI,2021-01-03 10:25:24.656000-05:00,2021-01-03 10:25:24.694000-05:00,consumer,True,Email
5ff1e1b4cfcf6c399c274a54,WI,2021-01-03 10:24:36.410000-05:00,2021-01-03 10:24:36.452000-05:00,consumer,True,Email
5ff1e1eacfcf6c399c274ae6,WI,2021-01-03 10:25:30.554000-05:00,2021-01-03 10:25:30.597000-05:00,consumer,True,Email
5ff1e194b6a9d73a3a9f1052,WI,2021-01-03 10:24:04.800000-05:00,2021-01-03 10:25:37.858000-05:00,consumer,True,Email
5ff370c562fde912123a5e0e,WI,2021-01-04 14:47:17.776000-05:00,2021-01-04 14:50:50.563000-05:00,consumer,True,Email
5ff36d0362fde912123a5535,WI,2021-01-04 14:31:15.973000-05:00,2021-01-04 14:34:42.944000-05:00,consumer,True,Email
5ff36d83135e7011bcb864d6,WI,2021-01-04 14:33:23.244000-05:00,2021-01-04 14:33:23.425000-05:00,consumer,True,Email
5ff36c8862fde912123a538a,WI,2021-01-04 14:29:12.943000-05:00,2021-01-04 14:29:13.141000-05:00,consumer,True,Email
5ff370c562fde912123a5e0e,WI,2021-01-04 14:47:17.776000-05:00,2021-01-04 14:50:50.563000-05:00,consumer,True,Email
5ff36be7135e7011bcb856d3,WI,2021-01-04 14:26:31.239000-05:00,2021-01-04 14:29:52.726000-05:00,consumer,True,Email
5ff36d0362fde912123a5535,WI,2021-01-04 14:31:15.973000-05:00,2021-01-04 14:34:42.944000-05:00,consumer,True,Email
5ff36be7135e7011bcb856d3,WI,2021-01-04 14:26:31.239000-05:00,2021-01-04 14:29:52.726000-05:00,consumer,True,Email
5ff36a3862fde912123a4460,WI,2021-01-04 14:19:20.352000-05:00,2021-01-04 14:23:05.340000-05:00,consumer,True,Email
5ff36d0362fde912123a5535,WI,2021-01-04 14:31:15.973000-05:00,2021-01-04 14:34:42.944000-05:00,consumer,True,Email
5ff36c8e135e7011bcb85da4,WI,2021-01-04 14:29:18.994000-05:00,2021-01-04 14:29:19.173000-05:00,consumer,True,Email
5ff36a3862fde912123a4460,WI,2021-01-04 14:19:20.352000-05:00,2021-01-04 14:23:05.340000-05:00,consumer,True,Email
5ff370c562fde912123a5e0e,WI,2021-01-04 14:47:17.776000-05:00,2021-01-04 14:50:50.563000-05:00,consumer,True,Email
5ff36a3862fde912123a4460,WI,2021-01-04 14:19:20.352000-05:00,2021-01-04 14:23:05.340000-05:00,consumer,True,Email
5ff36a3862fde912123a4460,WI,2021-01-04 14:19:20.352000-05:00,2021-01-04 14:23:05.340000-05:00,consumer,True,Email
5ff370c562fde912123a5e0e,WI,2021-01-04 14:47:17.776000-05:00,2021-01-04 14:50:50.563000-05:00,consumer,True,Email
5ff36a3862fde912123a4460,WI,2021-01-04 14:19:20.352000-05:00,2021-01-04 14:23:05.340000-05:00,consumer,True,Email
5ff370c562fde912123a5e0e,WI,2021-01-04 14:47:17.776000-05:00,2021-01-04 14:50:50.563000-05:00,consumer,True,Email
5ff3711e62fde912123a620e,WI,2021-01-04 14:48:46.807000-05:00,2021-01-04 14:48:46.997000-05:00,consumer,True,Email
5ff36be7135e7011bcb856d3,WI,2021-01-04 14:26:31.239000-05:00,2021-01-04 14:29:52.726000-05:00,consumer,True,Email
5ff4ce33c3d63511e2a484b6,WI,2021-01-05 15:38:11.229000-05:00,2021-01-05 15:39:55.131000-05:00,consumer,True,Email
5ff473e7c1e2d0121a9b2697,WI,2021-01-05 09:12:55.669000-05:00,2021-01-05 09:12:55.877000-05:00,consumer,True,Email
5ff47392c3d63511e2a47881,WI,2021-01-05 09:11:30.233000-05:00,2021-01-05 09:15:33.550000-05:00,consumer,True,Email
5ff47392c3d63511e2a47881,WI,2021-01-05 09:11:30.233000-05:00,2021-01-05 09:15:33.550000-05:00,consumer,True,Email
5ff4ce33c3d63511e2a484b6,WI,2021-01-05 15:38:11.229000-05:00,2021-01-05 15:39:55.131000-05:00,consumer,True,Email
5ff4ce91c1e2d0121a9b3057,WI,2021-01-05 15:39:45.282000-05:00,2021-01-05 15:39:45.329000-05:00,consumer,True,Email
5ff47392c3d63511e2a47881,WI,2021-01-05 09:11:30.233000-05:00,2021-01-05 09:15:33.550000-05:00,consumer,True,Email
5ff4ce3dc3d63511e2a484dc,WI,2021-01-05 15:38:21.887000-05:00,2021-01-05 15:38:21.938000-05:00,consumer,True,Email
5ff4ce33c3d63511e2a484b6,WI,2021-01-05 15:38:11.229000-05:00,2021-01-05 15:39:55.131000-05:00,consumer,True,Email
5ff4ce3dc3d63511e2a484dc,WI,2021-01-05 15:38:21.887000-05:00,2021-01-05 15:38:21.938000-05:00,consumer,True,Email
5ff4ce33c3d63511e2a484b6,WI,2021-01-05 15:38:11.229000-05:00,2021-01-05 15:39:55.131000-05:00,consumer,True,Email
5ff47392c3d63511e2a47881,WI,2021-01-05 09:11:30.233000-05:00,2021-01-05 09:15:33.550000-05:00,consumer,True,Email
5ff4ce3dc3d63511e2a484dc,WI,2021-01-05 15:38:21.887000-05:00,2021-01-05 15:38:21.938000-05:00,consumer,True,Email
5ff4ce3dc3d63511e2a484dc,WI,2021-01-05 15:38:21.887000-05:00,2021-01-05 15:38:21.938000-05:00,consumer,True,Email
5ff4ce33c3d63511e2a484b6,WI,2021-01-05 15:38:11.229000-05:00,2021-01-05 15:39:55.131000-05:00,consumer,True,Email
5ff4ce34c3d63511e2a484ba,WI,2021-01-05 15:38:12.503000-05:00,2021-01-05 15:38:12.565000-05:00,consumer,True,Email
5ff4ce33c3d63511e2a484b6,WI,2021-01-05 15:38:11.229000-05:00,2021-01-05 15:39:55.131000-05:00,consumer,True,Email
5ff4ce33c3d63511e2a484b6,WI,2021-01-05 15:38:11.229000-05:00,2021-01-05 15:39:55.131000-05:00,consumer,True,Email
5ff4ce3ac1e2d0121a9b2fb3,WI,2021-01-05 15:38:18.446000-05:00,2021-01-05 15:38:18.495000-05:00,consumer,True,Email
5ff47392c3d63511e2a47881,WI,2021-01-05 09:11:30.233000-05:00,2021-01-05 09:15:33.550000-05:00,consumer,True,Email
5ff5d15aeb7c7d12096d91a2,WI,2021-01-06 10:03:54.680000-05:00,2021-01-06 10:08:10.009000-05:00,consumer,True,Email
5ff5d15aeb7c7d12096d91a2,WI,2021-01-06 10:03:54.680000-05:00,2021-01-06 10:08:10.009000-05:00,consumer,True,Email
5ff5d15aeb7c7d12096d91a2,WI,2021-01-06 10:03:54.680000-05:00,2021-01-06 10:08:10.009000-05:00,consumer,True,Email
5ff5d15aeb7c7d12096d91a2,WI,2021-01-06 10:03:54.680000-05:00,2021-01-06 10:08:10.009000-05:00,consumer,True,Email
5ff5d15aeb7c7d12096d91a2,WI,2021-01-06 10:03:54.680000-05:00,2021-01-06 10:08:10.009000-05:00,consumer,True,Email
5ff5d15aeb7c7d12096d91a2,WI,2021-01-06 10:03:54.680000-05:00,2021-01-06 10:08:10.009000-05:00,consumer,True,Email
5ff5d1a38f142f11dd1886ba,WI,2021-01-06 10:05:07.667000-05:00,2021-01-06 10:05:07.878000-05:00,consumer,True,Email
5ff5d15aeb7c7d12096d91a2,WI,2021-01-06 10:03:54.680000-05:00,2021-01-06 10:08:10.009000-05:00,consumer,True,Email
5ff5d15aeb7c7d12096d91a2,WI,2021-01-06 10:03:54.680000-05:00,2021-01-06 10:08:10.009000-05:00,consumer,True,Email
5ff5d15aeb7c7d12096d91a2,WI,2021-01-06 10:03:54.680000-05:00,2021-01-06 10:08:10.009000-05:00,consumer,True,Email
5ff5d15aeb7c7d12096d91a2,WI,2021-01-06 10:03:54.680000-05:00,2021-01-06 10:08:10.009000-05:00,consumer,True,Email
5ff5d15aeb7c7d12096d91a2,WI,2021-01-06 10:03:54.680000-05:00,2021-01-06 10:08:10.009000-05:00,consumer,True,Email
5ff5d15aeb7c7d12096d91a2,WI,2021-01-06 10:03:54.680000-05:00,2021-01-06 10:08:10.009000-05:00,consumer,True,Email
5ff5d15aeb7c7d12096d91a2,WI,2021-01-06 10:03:54.680000-05:00,2021-01-06 10:08:10.009000-05:00,consumer,True,Email
5ff5d15aeb7c7d12096d91a2,WI,2021-01-06 10:03:54.680000-05:00,2021-01-06 10:08:10.009000-05:00,consumer,True,Email
5ff5d15aeb7c7d12096d91a2,WI,2021-01-06 10:03:54.680000-05:00,2021-01-06 10:08:10.009000-05:00,consumer,True,Email
5ff5d1d08f142f11dd18884c,WI,2021-01-06 10:05:52.484000-05:00,2021-01-06 10:05:52.717000-05:00,consumer,True,Email
5ff5d15aeb7c7d12096d91a2,WI,2021-01-06 10:03:54.680000-05:00,2021-01-06 10:08:10.009000-05:00,consumer,True,Email
5ff5d15aeb7c7d12096d91a2,WI,2021-01-06 10:03:54.680000-05:00,2021-01-06 10:08:10.009000-05:00,consumer,True,Email
5ff5d15aeb7c7d12096d91a2,WI,2021-01-06 10:03:54.680000-05:00,2021-01-06 10:08:10.009000-05:00,consumer,True,Email
5ff7264e8f142f11dd189504,WI,2021-01-07 10:18:38.596000-05:00,2021-01-07 10:20:26.821000-05:00,consumer,True,Email
5ff7401ceb7c7d31ca8a46e0,WI,2021-01-07 12:08:44.072000-05:00,2021-01-07 12:08:44.352000-05:00,consumer,True,Email
5ff73bea8f142f3276c3e84a,WI,2021-01-07 11:50:50.206000-05:00,2021-01-07 11:50:50.255000-05:00,consumer,True,Email
5ff74f3db3348b11c93361d1,WI,2021-01-07 13:13:17.921000-05:00,2021-01-07 13:17:03.217000-05:00,consumer,True,Email
5ff7264e8f142f11dd189504,WI,2021-01-07 10:18:38.596000-05:00,2021-01-07 10:20:26.821000-05:00,consumer,True,Email
5ff73b90eb7c7d31ca8a452b,WI,2021-01-07 11:49:20.959000-05:00,2021-01-07 11:51:07.267000-05:00,consumer,True,Email
5ff7930fb3348b11c93372a6,WI,2021-01-07 18:02:39.759000-05:00,2021-01-07 18:09:54.656000-05:00,consumer,True,Email
5ff7268eeb7c7d12096da2a9,WI,2021-01-07 10:19:42.584000-05:00,2021-01-07 10:19:42.630000-05:00,consumer,True,Email
5ff7268eeb7c7d12096da2a9,WI,2021-01-07 10:19:42.584000-05:00,2021-01-07 10:19:42.630000-05:00,consumer,True,Email
5ff7264e8f142f11dd189504,WI,2021-01-07 10:18:38.596000-05:00,2021-01-07 10:20:26.821000-05:00,consumer,True,Email
5ff7930fb3348b11c93372a6,WI,2021-01-07 18:02:39.759000-05:00,2021-01-07 18:09:54.656000-05:00,consumer,True,Email
5ff726a0eb7c7d12096da2db,WI,2021-01-07 10:20:00.299000-05:00,2021-01-07 10:20:00.353000-05:00,consumer,True,Email
5ff793dd04929111f6e90c69,WI,2021-01-07 18:06:05.503000-05:00,2021-01-07 18:06:05.681000-05:00,consumer,True,Email
5ff7949eb3348b11c93373d2,WI,2021-01-07 18:09:18.699000-05:00,2021-01-07 18:09:18.840000-05:00,consumer,True,Email
5ff7268c8f142f11dd189579,WI,2021-01-07 10:19:40.196000-05:00,2021-01-07 10:19:40.243000-05:00,consumer,True,Email
5ff73b90eb7c7d31ca8a452b,WI,2021-01-07 11:49:20.959000-05:00,2021-01-07 11:51:07.267000-05:00,consumer,True,Email
5ff7264e8f142f11dd189504,WI,2021-01-07 10:18:38.596000-05:00,2021-01-07 10:20:26.821000-05:00,consumer,True,Email
5ff616a68f142f11dd189163,KY,2021-01-06 14:59:34.996000-05:00,,consumer,True,Email
5ff7930fb3348b11c93372a6,WI,2021-01-07 18:02:39.759000-05:00,2021-01-07 18:09:54.656000-05:00,consumer,True,Email
5ff79464b3348b11c933738b,WI,2021-01-07 18:08:20.153000-05:00,2021-01-07 18:08:20.301000-05:00,consumer,True,Email
5ff8c241b3348b11c93379fc,WI,2021-01-08 15:36:17.626000-05:00,2021-01-08 15:36:17.831000-05:00,consumer,True,Email
5ff8ce8504929111f6e913cb,WI,2021-01-08 16:28:37.743000-05:00,2021-01-08 16:29:59.411000-05:00,consumer,True,Email
5ff8ce8504929111f6e913cb,WI,2021-01-08 16:28:37.743000-05:00,2021-01-08 16:29:59.411000-05:00,consumer,True,Email
5ff873d1b3348b11c9337716,WI,2021-01-08 10:01:37.348000-05:00,2021-01-08 10:03:21.259000-05:00,consumer,True,Email
5ff873ef04929111f6e910f0,WI,2021-01-08 10:02:07.604000-05:00,2021-01-08 10:02:07.655000-05:00,consumer,True,Email
5ff8c4e8b3348b11c9337a11,WI,2021-01-08 15:47:36.724000-05:00,2021-01-08 15:47:37.088000-05:00,consumer,True,Email
5ff873d1b3348b11c9337716,WI,2021-01-08 10:01:37.348000-05:00,2021-01-08 10:03:21.259000-05:00,consumer,True,Email
5ff8da28b3348b11c9337ac6,WI,2021-01-08 17:18:16.844000-05:00,2021-01-08 17:19:49.939000-05:00,consumer,True,Email
5ff8da7db3348b11c9337b6a,WI,2021-01-08 17:19:41.689000-05:00,2021-01-08 17:19:41.738000-05:00,consumer,True,Email
5ff873ddb3348b11c9337733,WI,2021-01-08 10:01:49.160000-05:00,2021-01-08 10:01:49.202000-05:00,consumer,True,Email
5ff8a11db3348b11c93378aa,WI,2021-01-08 13:14:53.734000-05:00,2021-01-08 13:14:53.928000-05:00,consumer,True,Email
5ff873d1b3348b11c9337716,WI,2021-01-08 10:01:37.348000-05:00,2021-01-08 10:03:21.259000-05:00,consumer,True,Email
5ff873d1b3348b11c9337716,WI,2021-01-08 10:01:37.348000-05:00,2021-01-08 10:03:21.259000-05:00,consumer,True,Email
5ff873d1b3348b11c9337716,WI,2021-01-08 10:01:37.348000-05:00,2021-01-08 10:03:21.259000-05:00,consumer,True,Email
5ff8ce8504929111f6e913cb,WI,2021-01-08 16:28:37.743000-05:00,2021-01-08 16:29:59.411000-05:00,consumer,True,Email
5ff8d634b3348b11c9337aa4,WI,2021-01-08 17:01:24.238000-05:00,2021-01-08 17:01:24.518000-05:00,consumer,True,Email
5ff8da28b3348b11c9337ac6,WI,2021-01-08 17:18:16.844000-05:00,2021-01-08 17:19:49.939000-05:00,consumer,True,Email
5ff8c330b3348b11c9337a04,WI,2021-01-08 15:40:16.722000-05:00,2021-01-08 15:40:16.933000-05:00,consumer,True,Email
5ff873ddb3348b11c9337733,WI,2021-01-08 10:01:49.160000-05:00,2021-01-08 10:01:49.202000-05:00,consumer,True,Email
5ff8da7eb3348b11c9337b72,WI,2021-01-08 17:19:42.704000-05:00,2021-01-08 17:19:42.749000-05:00,consumer,True,Email
5ffcb47d04929111f6e9256c,WI,2021-01-11 15:26:37.225000-05:00,2021-01-11 15:28:21.430000-05:00,consumer,True,Email
5ffc8ff9b3348b11c9338896,WI,2021-01-11 12:50:49.527000-05:00,2021-01-11 12:50:49.567000-05:00,consumer,True,Email
5ffc8f9704929111f6e922bf,WI,2021-01-11 12:49:11.890000-05:00,2021-01-11 12:50:56.750000-05:00,consumer,True,Email
5ffc9001b3348b11c93388b6,WI,2021-01-11 12:50:57.375000-05:00,2021-01-11 12:50:57.415000-05:00,consumer,True,Email
5ffc8ff9b3348b11c9338896,WI,2021-01-11 12:50:49.527000-05:00,2021-01-11 12:50:49.567000-05:00,consumer,True,Email
5ffc8f9704929111f6e922bf,WI,2021-01-11 12:49:11.890000-05:00,2021-01-11 12:50:56.750000-05:00,consumer,True,Email
5ffc8f9704929111f6e922bf,WI,2021-01-11 12:49:11.890000-05:00,2021-01-11 12:50:56.750000-05:00,consumer,True,Email
5ffc8ff9b3348b11c9338896,WI,2021-01-11 12:50:49.527000-05:00,2021-01-11 12:50:49.567000-05:00,consumer,True,Email
5ffc8ff9b3348b11c9338896,WI,2021-01-11 12:50:49.527000-05:00,2021-01-11 12:50:49.567000-05:00,consumer,True,Email
5ffcb4bc04929111f6e92608,WI,2021-01-11 15:27:40.225000-05:00,2021-01-11 15:27:40.265000-05:00,consumer,True,Email
5ffc9d87b3348b11c9338920,WI,2021-01-11 13:48:39.076000-05:00,2021-01-11 13:50:13.461000-05:00,consumer,True,Email
5ffc8f9704929111f6e922bf,WI,2021-01-11 12:49:11.890000-05:00,2021-01-11 12:50:56.750000-05:00,consumer,True,Email
5ffc9d87b3348b11c9338920,WI,2021-01-11 13:48:39.076000-05:00,2021-01-11 13:50:13.461000-05:00,consumer,True,Email
5ffcb47d04929111f6e9256c,WI,2021-01-11 15:26:37.225000-05:00,2021-01-11 15:28:21.430000-05:00,consumer,True,Email
5ffc9d87b3348b11c9338920,WI,2021-01-11 13:48:39.076000-05:00,2021-01-11 13:50:13.461000-05:00,consumer,True,Email
5ffc8f9704929111f6e922bf,WI,2021-01-11 12:49:11.890000-05:00,2021-01-11 12:50:56.750000-05:00,consumer,True,Email
5ffcb4bc04929111f6e92608,WI,2021-01-11 15:27:40.225000-05:00,2021-01-11 15:27:40.265000-05:00,consumer,True,Email
5ffc8f9704929111f6e922bf,WI,2021-01-11 12:49:11.890000-05:00,2021-01-11 12:50:56.750000-05:00,consumer,True,Email
5ffc9d9f04929111f6e92456,WI,2021-01-11 13:49:03.920000-05:00,2021-01-11 13:49:03.965000-05:00,consumer,True,Email
5ffca30604929111f6e92525,WI,2021-01-11 14:12:06.515000-05:00,2021-01-11 14:12:06.791000-05:00,consumer,True,Email
5fff0f9804929101d0ab0697,WI,2021-01-13 10:19:52.446000-05:00,2021-01-13 10:19:52.678000-05:00,consumer,True,Email
5fff0f4fb3348b03eb45abb0,WI,2021-01-13 10:18:39.070000-05:00,2021-01-13 10:22:02.153000-05:00,consumer,True,Email
5fff4beedf9ace121f0c17ea,WI,2021-01-13 14:37:18.415000-05:00,2021-01-13 14:41:12.676000-05:00,consumer,True,Email
5ffe115404929101d0aaebb2,AL,2021-01-12 16:15:00.208000-05:00,,consumer,True,Email
5fff55dabd4dff11dda8f5f1,WI,2021-01-13 15:19:38.721000-05:00,2021-01-13 15:23:26.975000-05:00,consumer,True,Email
5fff0f4fb3348b03eb45abb0,WI,2021-01-13 10:18:39.070000-05:00,2021-01-13 10:22:02.153000-05:00,consumer,True,Email
5fff55dabd4dff11dda8f5f1,WI,2021-01-13 15:19:38.721000-05:00,2021-01-13 15:23:26.975000-05:00,consumer,True,Email
5fff4beedf9ace121f0c17ea,WI,2021-01-13 14:37:18.415000-05:00,2021-01-13 14:41:12.676000-05:00,consumer,True,Email
5ffe115404929101d0aaebb2,AL,2021-01-12 16:15:00.208000-05:00,,consumer,True,Email
5fff26bab3348b03eb45bb22,WI,2021-01-13 11:58:34.027000-05:00,2021-01-13 11:58:34.075000-05:00,consumer,True,Email
5fff55dabd4dff11dda8f5f1,WI,2021-01-13 15:19:38.721000-05:00,2021-01-13 15:23:26.975000-05:00,consumer,True,Email
5fff0f4fb3348b03eb45abb0,WI,2021-01-13 10:18:39.070000-05:00,2021-01-13 10:22:02.153000-05:00,consumer,True,Email
5fff55dabd4dff11dda8f5f1,WI,2021-01-13 15:19:38.721000-05:00,2021-01-13 15:23:26.975000-05:00,consumer,True,Email
5fff55dabd4dff11dda8f5f1,WI,2021-01-13 15:19:38.721000-05:00,2021-01-13 15:23:26.975000-05:00,consumer,True,Email
5fff4c7461ffa811fdb0854c,WI,2021-01-13 14:39:32.913000-05:00,2021-01-13 14:39:33.163000-05:00,consumer,True,Email
5fff26bfb3348b03eb45bb32,WI,2021-01-13 11:58:39.411000-05:00,2021-01-13 11:58:39.463000-05:00,consumer,True,Email
5fff55dabd4dff11dda8f5f1,WI,2021-01-13 15:19:38.721000-05:00,2021-01-13 15:23:26.975000-05:00,consumer,True,Email
5fff0f4fb3348b03eb45abb0,WI,2021-01-13 10:18:39.070000-05:00,2021-01-13 10:22:02.153000-05:00,consumer,True,Email
5fff26f2b3348b03eb45bbb9,WI,2021-01-13 11:59:30.518000-05:00,2021-01-13 11:59:30.567000-05:00,consumer,True,Email
5fff55dabd4dff11dda8f5f1,WI,2021-01-13 15:19:38.721000-05:00,2021-01-13 15:23:26.975000-05:00,consumer,True,Email
6000d4bae2571211db395b9f,WI,2021-01-14 18:33:14.861000-05:00,2021-01-14 18:33:14.903000-05:00,consumer,True,Email
600056a3f7e5b011fce897b0,WI,2021-01-14 09:35:15.207000-05:00,2021-01-14 09:37:10.767000-05:00,consumer,True,Email
600056a3f7e5b011fce897b0,WI,2021-01-14 09:35:15.207000-05:00,2021-01-14 09:37:10.767000-05:00,consumer,True,Email
600056a3f7e5b011fce897b0,WI,2021-01-14 09:35:15.207000-05:00,2021-01-14 09:37:10.767000-05:00,consumer,True,Email
6000d46cfb296c121a81b20c,WI,2021-01-14 18:31:56.665000-05:00,2021-01-14 18:33:52.701000-05:00,consumer,True,Email
6000b7aefb296c121a8198b1,WI,2021-01-14 16:29:18.188000-05:00,2021-01-14 16:33:22.666000-05:00,consumer,True,Email
60005709bd4dff11dda90ac1,WI,2021-01-14 09:36:57.988000-05:00,2021-01-14 09:36:58.051000-05:00,consumer,True,Email
6000b7aefb296c121a8198b1,WI,2021-01-14 16:29:18.188000-05:00,2021-01-14 16:33:22.666000-05:00,consumer,True,Email
600056a3f7e5b011fce897b0,WI,2021-01-14 09:35:15.207000-05:00,2021-01-14 09:37:10.767000-05:00,consumer,True,Email
6000b7aefb296c121a8198b1,WI,2021-01-14 16:29:18.188000-05:00,2021-01-14 16:33:22.666000-05:00,consumer,True,Email
5e27526d0bdb6a138c32b556,WI,2020-01-21 14:35:09.795000-05:00,,consumer,True,Google
600056a3f7e5b011fce897b0,WI,2021-01-14 09:35:15.207000-05:00,2021-01-14 09:37:10.767000-05:00,consumer,True,Email
6000d46cfb296c121a81b20c,WI,2021-01-14 18:31:56.665000-05:00,2021-01-14 18:33:52.701000-05:00,consumer,True,Email
6000d4abe2571211db395b5c,WI,2021-01-14 18:32:59.197000-05:00,2021-01-14 18:32:59.248000-05:00,consumer,True,Email
600056d6bd4dff11dda90a3f,WI,2021-01-14 09:36:06.157000-05:00,2021-01-14 09:36:06.208000-05:00,consumer,True,Email
60005704bd4dff11dda90a9d,WI,2021-01-14 09:36:52.368000-05:00,2021-01-14 09:36:52.418000-05:00,consumer,True,Email
600056a3f7e5b011fce897b0,WI,2021-01-14 09:35:15.207000-05:00,2021-01-14 09:37:10.767000-05:00,consumer,True,Email
600056a3f7e5b011fce897b0,WI,2021-01-14 09:35:15.207000-05:00,2021-01-14 09:37:10.767000-05:00,consumer,True,Email
600056a3f7e5b011fce897b0,WI,2021-01-14 09:35:15.207000-05:00,2021-01-14 09:37:10.767000-05:00,consumer,True,Email
60005709bd4dff11dda90ac1,WI,2021-01-14 09:36:57.988000-05:00,2021-01-14 09:36:58.051000-05:00,consumer,True,Email
6002475cfb296c121a81b98d,WI,2021-01-15 20:54:36.571000-05:00,,consumer,True,Email
60024f24e257124ec6b99a13,WI,2021-01-15 21:27:49.345000-05:00,,consumer,True,Email
60037329e257124ec6b99eeb,WI,2021-01-16 18:13:45.574000-05:00,,consumer,True,Email
6000b75bbe5fc96dfee1d4d3,AL,2021-01-14 16:27:55.938000-05:00,,consumer,True,Email
6002541ae257124ec6b99a3a,WI,2021-01-15 21:48:58.736000-05:00,,consumer,True,Email
6000b75bbe5fc96dfee1d4d3,AL,2021-01-14 16:27:55.938000-05:00,,consumer,True,Email
600258dafb296c4ef805d9b7,WI,2021-01-15 22:09:14.959000-05:00,,consumer,True,Email
60025c65fb296c4ef805d9e6,WI,2021-01-15 22:24:21.980000-05:00,,consumer,True,Email
60037005e257124ec6b99ec2,WI,2021-01-16 18:00:21.504000-05:00,,consumer,True,Email
60025c65fb296c4ef805d9e6,WI,2021-01-15 22:24:21.980000-05:00,,consumer,True,Email
6000b75bbe5fc96dfee1d4d3,AL,2021-01-14 16:27:55.938000-05:00,,consumer,True,Email
6000b75bbe5fc96dfee1d4d3,AL,2021-01-14 16:27:55.938000-05:00,,consumer,True,Email
60025c65fb296c4ef805d9e6,WI,2021-01-15 22:24:21.980000-05:00,,consumer,True,Email
6000b75bbe5fc96dfee1d4d3,AL,2021-01-14 16:27:55.938000-05:00,,consumer,True,Email
6000b75bbe5fc96dfee1d4d3,AL,2021-01-14 16:27:55.938000-05:00,,consumer,True,Email
60023de5fb296c121a81b955,CO,2021-01-15 20:14:13.653000-05:00,,consumer,True,Email
6002541ae257124ec6b99a3a,WI,2021-01-15 21:48:58.736000-05:00,,consumer,True,Email
60049cdce257124ec6b9a353,WI,2021-01-17 15:23:56.994000-05:00,,consumer,True,Email
60025fe0e257124ec6b99a87,WI,2021-01-15 22:39:13.154000-05:00,,consumer,True,Email
600498c4e257124ec6b9a331,WI,2021-01-17 15:06:29.321000-05:00,,consumer,True,Email
6004a5d3fb296c4ef805e256,WI,2021-01-17 16:02:11.432000-05:00,,consumer,True,Email
60037a94fb296c4ef805ddbe,WI,2021-01-16 18:45:25.319000-05:00,,consumer,True,Email
600495c3fb296c4ef805e1fc,WI,2021-01-17 14:53:39.356000-05:00,,consumer,True,Email
6004a965e257124ec6b9a39f,WI,2021-01-17 16:17:25.327000-05:00,,consumer,True,Email
6007464b6e64691717e8c1f0,WI,2021-01-19 15:51:23.347000-05:00,2021-01-19 15:55:08.492000-05:00,consumer,True,Email
6007464b6e64691717e8c1f0,WI,2021-01-19 15:51:23.347000-05:00,2021-01-19 15:55:08.492000-05:00,consumer,True,Email
600741d06e6469120a787853,WI,2021-01-19 15:32:17-05:00,2021-01-19 15:39:03.299000-05:00,consumer,True,Email
600748196e64691717e8d4f0,WI,2021-01-19 15:59:05.175000-05:00,2021-01-19 16:02:42.824000-05:00,consumer,True,Email
600746fd6e64691717e8cfb5,WI,2021-01-19 15:54:21.274000-05:00,2021-01-19 15:54:21.487000-05:00,consumer,True,Email
60074b49325c8a1794623876,WI,2021-01-19 16:12:41.649000-05:00,2021-01-19 16:16:09.332000-05:00,consumer,True,Email
60074b49325c8a1794623876,WI,2021-01-19 16:12:41.649000-05:00,2021-01-19 16:16:09.332000-05:00,consumer,True,Email
60074b996e64691717e8f11a,WI,2021-01-19 16:14:01.809000-05:00,2021-01-19 16:14:02.010000-05:00,consumer,True,Email
600748196e64691717e8d4f0,WI,2021-01-19 15:59:05.175000-05:00,2021-01-19 16:02:42.824000-05:00,consumer,True,Email
600741d06e6469120a787853,WI,2021-01-19 15:32:17-05:00,2021-01-19 15:39:03.299000-05:00,consumer,True,Email
600741d06e6469120a787853,WI,2021-01-19 15:32:17-05:00,2021-01-19 15:39:03.299000-05:00,consumer,True,Email
600741d06e6469120a787853,WI,2021-01-19 15:32:17-05:00,2021-01-19 15:39:03.299000-05:00,consumer,True,Email
600741d06e6469120a787853,WI,2021-01-19 15:32:17-05:00,2021-01-19 15:39:03.299000-05:00,consumer,True,Email
600748196e64691717e8d4f0,WI,2021-01-19 15:59:05.175000-05:00,2021-01-19 16:02:42.824000-05:00,consumer,True,Email
600741d06e6469120a787853,WI,2021-01-19 15:32:17-05:00,2021-01-19 15:39:03.299000-05:00,consumer,True,Email
6007464b6e64691717e8c1f0,WI,2021-01-19 15:51:23.347000-05:00,2021-01-19 15:55:08.492000-05:00,consumer,True,Email
600748196e64691717e8d4f0,WI,2021-01-19 15:59:05.175000-05:00,2021-01-19 16:02:42.824000-05:00,consumer,True,Email
60074246325c8a12289e22a0,WI,2021-01-19 15:34:15.284000-05:00,2021-01-19 15:34:15.511000-05:00,consumer,True,Email
60074883325c8a1794622a12,WI,2021-01-19 16:00:51.464000-05:00,2021-01-19 16:00:51.660000-05:00,consumer,True,Email
6006f786fb296c7f688530f8,AL,2021-01-19 10:15:18.644000-05:00,,consumer,True,Email
60088d55633aab121bb8e41a,WI,2021-01-20 15:06:45.740000-05:00,2021-01-20 15:07:54.542000-05:00,consumer,True,Email
6008893b633aab121bb8e0a9,WI,2021-01-20 14:49:15.040000-05:00,2021-01-20 14:50:33.205000-05:00,consumer,True,Email
6008893b633aab121bb8e0a9,WI,2021-01-20 14:49:15.040000-05:00,2021-01-20 14:50:33.205000-05:00,consumer,True,Email
60083a1e325c8a17946255de,WI,2021-01-20 09:11:42.022000-05:00,2021-01-20 09:15:04.611000-05:00,consumer,True,Email
6008896c633aab121bb8e11d,WI,2021-01-20 14:50:04.439000-05:00,,consumer,True,Email
60086a09b6310511daa4e1e9,WI,2021-01-20 12:36:09.747000-05:00,2021-01-20 12:36:10.045000-05:00,consumer,True,Email
60088d55633aab121bb8e41a,WI,2021-01-20 15:06:45.740000-05:00,2021-01-20 15:07:54.542000-05:00,consumer,True,Email
60088e5d633aab121bb8e5cf,WI,2021-01-20 15:11:09.989000-05:00,2021-01-20 15:11:10.035000-05:00,consumer,True,Email
60085b3dbe5fc90ee6a67b11,WI,2021-01-20 11:33:01.152000-05:00,2021-01-20 11:36:54.993000-05:00,consumer,True,Email
60088e44b6310511daa4ef80,WI,2021-01-20 15:10:44.695000-05:00,2021-01-20 15:11:55.932000-05:00,consumer,True,Email
6008893b633aab121bb8e0a9,WI,2021-01-20 14:49:15.040000-05:00,2021-01-20 14:50:33.205000-05:00,consumer,True,Email
6008893b633aab121bb8e0a9,WI,2021-01-20 14:49:15.040000-05:00,2021-01-20 14:50:33.205000-05:00,consumer,True,Email
60088d84633aab121bb8e4a6,WI,2021-01-20 15:07:32.034000-05:00,2021-01-20 15:07:32.079000-05:00,consumer,True,Email
6008873eb6310511daa4e8eb,WI,2021-01-20 14:40:46.148000-05:00,2021-01-20 14:42:58.793000-05:00,consumer,True,Email
60086978633aab121bb8c895,WI,2021-01-20 12:33:44.062000-05:00,2021-01-20 12:37:31.189000-05:00,consumer,True,Email
60088a25b6310511daa4ec42,WI,2021-01-20 14:53:09.274000-05:00,2021-01-20 14:54:22.851000-05:00,consumer,True,Email
6008622ebe5fc9247bab4eb9,WI,2021-01-20 12:02:38.662000-05:00,2021-01-20 12:02:38.931000-05:00,consumer,False,Email
6008893b633aab121bb8e0a9,WI,2021-01-20 14:49:15.040000-05:00,2021-01-20 14:50:33.205000-05:00,consumer,True,Email
6008897ab6310511daa4ebdc,WI,2021-01-20 14:50:18.469000-05:00,2021-01-20 14:50:18.526000-05:00,consumer,True,Email
60088a46b6310511daa4ec97,WI,2021-01-20 14:53:42.902000-05:00,2021-01-20 14:53:42.948000-05:00,consumer,True,Email
600987d77d983a11f63cfa92,WI,2021-01-21 08:55:35.327000-05:00,2021-01-21 08:59:21.063000-05:00,consumer,True,Email
600987d77d983a11f63cfa92,WI,2021-01-21 08:55:35.327000-05:00,2021-01-21 08:59:21.063000-05:00,consumer,True,Email
600987d77d983a11f63cfa92,WI,2021-01-21 08:55:35.327000-05:00,2021-01-21 08:59:21.063000-05:00,consumer,True,Email
6008f02fb6310511daa4f314,IL,2021-01-20 22:08:31.692000-05:00,,consumer,True,Email
600988557d983a11f63d08ef,WI,2021-01-21 08:57:41.269000-05:00,2021-01-21 08:57:41.485000-05:00,consumer,True,Email
6009885c50b33111fd61eee9,WI,2021-01-21 08:57:48.490000-05:00,2021-01-21 08:57:48.698000-05:00,consumer,True,Email
600987d77d983a11f63cfa92,WI,2021-01-21 08:55:35.327000-05:00,2021-01-21 08:59:21.063000-05:00,consumer,True,Email
6009e60450b3311194385009,WI,2021-01-21 15:37:25.244000-05:00,,consumer,True,Email
6009e60450b3311194385009,WI,2021-01-21 15:37:25.244000-05:00,,consumer,True,Email
6008d447b6310511daa4f281,WI,2021-01-20 20:09:27.425000-05:00,,consumer,True,Email
6009e60450b3311194385009,WI,2021-01-21 15:37:25.244000-05:00,,consumer,True,Email
600987d77d983a11f63cfa92,WI,2021-01-21 08:55:35.327000-05:00,2021-01-21 08:59:21.063000-05:00,consumer,True,Email
60099c1450b33111fd61f702,WI,2021-01-21 10:21:56.507000-05:00,,consumer,True,Email
600987d77d983a11f63cfa92,WI,2021-01-21 08:55:35.327000-05:00,2021-01-21 08:59:21.063000-05:00,consumer,True,Email
6008e9cdb6310511daa4f2e4,IL,2021-01-20 21:41:17.264000-05:00,,consumer,True,Email
600987d77d983a11f63cfa92,WI,2021-01-21 08:55:35.327000-05:00,2021-01-21 08:59:21.063000-05:00,consumer,True,Email
600a03e17d983a124e9adb0f,WI,2021-01-21 17:44:49.842000-05:00,,consumer,True,Email
600987d77d983a11f63cfa92,WI,2021-01-21 08:55:35.327000-05:00,2021-01-21 08:59:21.063000-05:00,consumer,True,Email
600987d77d983a11f63cfa92,WI,2021-01-21 08:55:35.327000-05:00,2021-01-21 08:59:21.063000-05:00,consumer,True,Email
600992d17d983a11f63d11ad,WI,2021-01-21 09:42:25.107000-05:00,,consumer,True,Email
600b477e7d983a124e9ae061,WI,2021-01-22 16:45:34.904000-05:00,,consumer,True,Email
600f008f4329897eac237bd8,WI,2021-01-25 12:31:59.409000-05:00,2021-01-25 12:35:51.918000-05:00,consumer,True,Email
600f008f4329897eac237bd8,WI,2021-01-25 12:31:59.409000-05:00,2021-01-25 12:35:51.918000-05:00,consumer,True,Email
600f008f4329897eac237bd8,WI,2021-01-25 12:31:59.409000-05:00,2021-01-25 12:35:51.918000-05:00,consumer,True,Email
600ed4815edb7811cde6b50b,WI,2021-01-25 09:24:01.806000-05:00,2021-01-25 09:24:02.036000-05:00,consumer,True,Email
600f008f4329897eac237bd8,WI,2021-01-25 12:31:59.409000-05:00,2021-01-25 12:35:51.918000-05:00,consumer,True,Email
600f41b2bd196811e68ea219,WI,2021-01-25 17:09:55.031000-05:00,2021-01-25 17:16:29.531000-05:00,consumer,True,Email
600f20c15edb787dce060911,WI,2021-01-25 14:49:21.843000-05:00,,consumer,True,Email
600f47f06fd0dc1768a34a12,WI,2021-01-25 17:36:32.551000-05:00,2021-01-25 17:40:13.981000-05:00,consumer,True,Email
600ed42e43298911ce45d1fa,WI,2021-01-25 09:22:39.286000-05:00,2021-01-25 09:29:24.970000-05:00,consumer,True,Email
600ed42e43298911ce45d1fa,WI,2021-01-25 09:22:39.286000-05:00,2021-01-25 09:29:24.970000-05:00,consumer,True,Email
600f41b2bd196811e68ea219,WI,2021-01-25 17:09:55.031000-05:00,2021-01-25 17:16:29.531000-05:00,consumer,True,Email
600ed42e43298911ce45d1fa,WI,2021-01-25 09:22:39.286000-05:00,2021-01-25 09:29:24.970000-05:00,consumer,True,Email
600f008f4329897eac237bd8,WI,2021-01-25 12:31:59.409000-05:00,2021-01-25 12:35:51.918000-05:00,consumer,True,Email
600f008f4329897eac237bd8,WI,2021-01-25 12:31:59.409000-05:00,2021-01-25 12:35:51.918000-05:00,consumer,True,Email
600eea525edb7811cde6c81c,WI,2021-01-25 10:57:07.029000-05:00,,consumer,True,Email
600f008f4329897eac237bd8,WI,2021-01-25 12:31:59.409000-05:00,2021-01-25 12:35:51.918000-05:00,consumer,True,Email
600ed48a5edb7811cde6b549,WI,2021-01-25 09:24:10.969000-05:00,2021-01-25 09:24:11.193000-05:00,consumer,True,Email
600f47f06fd0dc1768a34a12,WI,2021-01-25 17:36:32.551000-05:00,2021-01-25 17:40:13.981000-05:00,consumer,True,Email
600f47f06fd0dc1768a34a12,WI,2021-01-25 17:36:32.551000-05:00,2021-01-25 17:40:13.981000-05:00,consumer,True,Email
600ed42e43298911ce45d1fa,WI,2021-01-25 09:22:39.286000-05:00,2021-01-25 09:29:24.970000-05:00,consumer,True,Email
600fb1ac73c60b12049027bb,WI,2021-01-26 01:07:40.879000-05:00,2021-01-26 01:11:23.950000-05:00,consumer,True,Email
600fb1ac73c60b12049027bb,WI,2021-01-26 01:07:40.879000-05:00,2021-01-26 01:11:23.950000-05:00,consumer,True,Email
600fb1ac73c60b12049027bb,WI,2021-01-26 01:07:40.879000-05:00,2021-01-26 01:11:23.950000-05:00,consumer,True,Email
600fb1ac73c60b12049027bb,WI,2021-01-26 01:07:40.879000-05:00,2021-01-26 01:11:23.950000-05:00,consumer,True,Email
600fb1ac73c60b12049027bb,WI,2021-01-26 01:07:40.879000-05:00,2021-01-26 01:11:23.950000-05:00,consumer,True,Email
600fb1ec73c60b1204902af4,WI,2021-01-26 01:08:44.058000-05:00,2021-01-26 01:08:44.267000-05:00,consumer,True,Email
600fb1ac73c60b12049027bb,WI,2021-01-26 01:07:40.879000-05:00,2021-01-26 01:11:23.950000-05:00,consumer,True,Email
600fb1ac73c60b12049027bb,WI,2021-01-26 01:07:40.879000-05:00,2021-01-26 01:11:23.950000-05:00,consumer,True,Email
600fb1ac73c60b12049027bb,WI,2021-01-26 01:07:40.879000-05:00,2021-01-26 01:11:23.950000-05:00,consumer,True,Email
600fb1ac73c60b12049027bb,WI,2021-01-26 01:07:40.879000-05:00,2021-01-26 01:11:23.950000-05:00,consumer,True,Email
600fb1ac73c60b12049027bb,WI,2021-01-26 01:07:40.879000-05:00,2021-01-26 01:11:23.950000-05:00,consumer,True,Email
600fb1ac73c60b12049027bb,WI,2021-01-26 01:07:40.879000-05:00,2021-01-26 01:11:23.950000-05:00,consumer,True,Email
600fb1e4a4b74c120bd18777,WI,2021-01-26 01:08:36.799000-05:00,2021-01-26 01:08:37.094000-05:00,consumer,True,Email
600fb1ac73c60b12049027bb,WI,2021-01-26 01:07:40.879000-05:00,2021-01-26 01:11:23.950000-05:00,consumer,True,Email
600fb1ac73c60b12049027bb,WI,2021-01-26 01:07:40.879000-05:00,2021-01-26 01:11:23.950000-05:00,consumer,True,Email
600fb1ac73c60b12049027bb,WI,2021-01-26 01:07:40.879000-05:00,2021-01-26 01:11:23.950000-05:00,consumer,True,Email
600fb1ac73c60b12049027bb,WI,2021-01-26 01:07:40.879000-05:00,2021-01-26 01:11:23.950000-05:00,consumer,True,Email
600fb1ac73c60b12049027bb,WI,2021-01-26 01:07:40.879000-05:00,2021-01-26 01:11:23.950000-05:00,consumer,True,Email
6011f33173c60b1804ce1102,WI,2021-01-27 18:11:45.991000-05:00,2021-01-27 18:11:46.040000-05:00,consumer,True,Email
6011f43ba4b74c18d3a8ca01,WI,2021-01-27 18:16:11.933000-05:00,2021-01-27 18:16:12.023000-05:00,consumer,True,Email
6011f31ea4b74c18d3a8c476,WI,2021-01-27 18:11:26.702000-05:00,2021-01-27 18:16:11.198000-05:00,consumer,True,Email
6011f31ea4b74c18d3a8c476,WI,2021-01-27 18:11:26.702000-05:00,2021-01-27 18:16:11.198000-05:00,consumer,True,Email
6011f31ea4b74c18d3a8c476,WI,2021-01-27 18:11:26.702000-05:00,2021-01-27 18:16:11.198000-05:00,consumer,True,Email
6011f42773c60b1804ce1607,WI,2021-01-27 18:15:51.961000-05:00,2021-01-27 18:15:52.006000-05:00,consumer,True,Email
60118bcfa4b74c18d3a8c0d7,WI,2021-01-27 10:50:39.664000-05:00,2021-01-27 10:52:41.503000-05:00,consumer,True,Email
6010be65a4b74c120bd19edc,WI,2021-01-26 20:14:13.600000-05:00,2021-01-26 20:14:13.644000-05:00,consumer,True,Email
6010bddaa4b74c120bd19dfb,WI,2021-01-26 20:11:54.997000-05:00,2021-01-26 20:14:25.032000-05:00,consumer,True,Email
60118c0fa4b74c18d3a8c151,WI,2021-01-27 10:51:43.511000-05:00,2021-01-27 10:51:43.566000-05:00,consumer,True,Email
6011f33173c60b1804ce1102,WI,2021-01-27 18:11:45.991000-05:00,2021-01-27 18:11:46.040000-05:00,consumer,True,Email
6010bddaa4b74c120bd19dfb,WI,2021-01-26 20:11:54.997000-05:00,2021-01-26 20:14:25.032000-05:00,consumer,True,Email
6011f33173c60b1804ce1102,WI,2021-01-27 18:11:45.991000-05:00,2021-01-27 18:11:46.040000-05:00,consumer,True,Email
60118bcfa4b74c18d3a8c0d7,WI,2021-01-27 10:50:39.664000-05:00,2021-01-27 10:52:41.503000-05:00,consumer,True,Email
6010bddaa4b74c120bd19dfb,WI,2021-01-26 20:11:54.997000-05:00,2021-01-26 20:14:25.032000-05:00,consumer,True,Email
60118bcfa4b74c18d3a8c0d7,WI,2021-01-27 10:50:39.664000-05:00,2021-01-27 10:52:41.503000-05:00,consumer,True,Email
6011f31ea4b74c18d3a8c476,WI,2021-01-27 18:11:26.702000-05:00,2021-01-27 18:16:11.198000-05:00,consumer,True,Email
6010be6673c60b12049040ef,WI,2021-01-26 20:14:14.981000-05:00,2021-01-26 20:14:15.028000-05:00,consumer,True,Email
6011f33173c60b1804ce1102,WI,2021-01-27 18:11:45.991000-05:00,2021-01-27 18:11:46.040000-05:00,consumer,True,Email
6010be6173c60b12049040d7,WI,2021-01-26 20:14:09.100000-05:00,2021-01-26 20:14:09.163000-05:00,consumer,True,Email
60132acb73c60b3ca7f3ba32,WI,2021-01-28 16:21:15.898000-05:00,2021-01-28 16:25:01.904000-05:00,consumer,True,Email
60132acb73c60b3ca7f3ba32,WI,2021-01-28 16:21:15.898000-05:00,2021-01-28 16:25:01.904000-05:00,consumer,True,Email
600f00d05edb787dce05fb84,WI,2021-01-25 12:33:04.549000-05:00,,consumer,True,Email
60132acb73c60b3ca7f3ba32,WI,2021-01-28 16:21:15.898000-05:00,2021-01-28 16:25:01.904000-05:00,consumer,True,Email
600f00d05edb787dce05fb84,WI,2021-01-25 12:33:04.549000-05:00,,consumer,True,Email
60132b85a4b74c3cbc516295,WI,2021-01-28 16:24:21.761000-05:00,2021-01-28 16:24:21.913000-05:00,consumer,True,Email
60132b8b73c60b3ca7f3baee,WI,2021-01-28 16:24:27.222000-05:00,2021-01-28 16:24:27.387000-05:00,consumer,True,Email
600f19914329897eac238fef,WI,2021-01-25 14:18:41.390000-05:00,,consumer,True,Email
6014558767804a1228b20d00,WI,2021-01-29 13:35:51.391000-05:00,2021-01-29 13:35:51.434000-05:00,consumer,True,Email
601465c567804a1228b20f89,WI,2021-01-29 14:45:09.523000-05:00,2021-01-29 14:45:09.567000-05:00,consumer,True,Email
60145a3c84231211ce796c5d,WI,2021-01-29 13:55:56.507000-05:00,2021-01-29 13:58:36.699000-05:00,consumer,True,Email
6014499c67804a1228b1f5b0,WI,2021-01-29 12:45:00.842000-05:00,2021-01-29 13:00:01.464000-05:00,consumer,True,Email
600f35015edb782098e2ac1b,WI,2021-01-25 16:15:46.246000-05:00,,consumer,True,Email
60147001c8b50e11d8453c36,WI,2021-01-29 15:28:49.403000-05:00,2021-01-29 15:28:49.622000-05:00,consumer,True,Email
60145a5584231211ce796cac,WI,2021-01-29 13:56:21.484000-05:00,2021-01-29 13:56:21.542000-05:00,consumer,True,Email
6014558767804a1228b20d00,WI,2021-01-29 13:35:51.391000-05:00,2021-01-29 13:35:51.434000-05:00,consumer,True,Email
6014319173c60b3ca7f3bf01,WI,2021-01-29 11:02:25.330000-05:00,2021-01-29 11:05:28.918000-05:00,consumer,True,Email
6014558467804a1228b20cf0,WI,2021-01-29 13:35:48.060000-05:00,2021-01-29 13:35:48.133000-05:00,consumer,True,Email
6014485b84231211ce793d79,WI,2021-01-29 12:39:39.324000-05:00,2021-01-29 12:43:11.937000-05:00,consumer,True,Email
601431c173c60b3ca7f3bf63,WI,2021-01-29 11:03:13.318000-05:00,2021-01-29 11:03:13.362000-05:00,consumer,True,Email
601465a884231211ce796db3,WI,2021-01-29 14:44:40.680000-05:00,2021-01-29 14:44:40.758000-05:00,consumer,True,Email
60145ff384231211ce796d51,,2021-01-29 14:20:19.722000-05:00,,consumer,True,Email
60146f2ac8b50e11d8452661,WI,2021-01-29 15:25:14.221000-05:00,2021-01-29 15:29:08.512000-05:00,consumer,True,Email
60145a3c84231211ce796c5d,WI,2021-01-29 13:55:56.507000-05:00,2021-01-29 13:58:36.699000-05:00,consumer,True,Email
6014658e67804a1228b20ef4,WI,2021-01-29 14:44:14.197000-05:00,2021-01-29 14:46:07.347000-05:00,consumer,True,Email
601442ce67804a1228b1dc41,WI,2021-01-29 12:15:58.195000-05:00,2021-01-29 12:18:54.023000-05:00,consumer,True,Email
601465a584231211ce796da5,WI,2021-01-29 14:44:37.376000-05:00,2021-01-29 14:44:37.437000-05:00,consumer,True,Email
60145ff384231211ce796d51,,2021-01-29 14:20:19.722000-05:00,,consumer,True,Email
60147d2ac8b50e11d8453f53,OH,2021-01-29 16:24:58.184000-05:00,,consumer,True,Email
60147d2ac8b50e11d8453f53,OH,2021-01-29 16:24:58.184000-05:00,,consumer,True,Email
601890a99a1b091205b61ced,WI,2021-02-01 18:37:13.079000-05:00,2021-02-01 18:37:13.126000-05:00,consumer,True,Email
60183090c8b50e11d84549c0,WI,2021-02-01 11:47:12.843000-05:00,2021-02-01 11:48:32.031000-05:00,consumer,True,Email
60183090c8b50e11d84549c0,WI,2021-02-01 11:47:12.843000-05:00,2021-02-01 11:48:32.031000-05:00,consumer,True,Email
60147d2ac8b50e11d8453f53,OH,2021-01-29 16:24:58.184000-05:00,,consumer,True,Email
60182f4ac8b50e11d8454946,WI,2021-02-01 11:41:46.573000-05:00,2021-02-01 11:41:46.615000-05:00,consumer,True,Email
60182d6dc8b50e11d84547b2,WI,2021-02-01 11:33:49.873000-05:00,2021-02-01 11:36:01.759000-05:00,consumer,True,Email
60147d2ac8b50e11d8453f53,OH,2021-01-29 16:24:58.184000-05:00,,consumer,True,Email
60183c579a1b091205b61a5f,WI,2021-02-01 12:37:27.795000-05:00,2021-02-01 12:39:27.811000-05:00,consumer,True,Email
60147d2ac8b50e11d8453f53,OH,2021-01-29 16:24:58.184000-05:00,,consumer,True,Email
60189c94c8b50e11d8454f6b,WI,2021-02-01 19:28:04.020000-05:00,2021-02-01 19:28:04.073000-05:00,consumer,True,Email
60189c74c8b50e11d8454eff,WI,2021-02-01 19:27:32.642000-05:00,2021-02-01 19:29:09.977000-05:00,consumer,True,Email
60189c74c8b50e11d8454eff,WI,2021-02-01 19:27:32.642000-05:00,2021-02-01 19:29:09.977000-05:00,consumer,True,Email
60189c94c8b50e11d8454f6b,WI,2021-02-01 19:28:04.020000-05:00,2021-02-01 19:28:04.073000-05:00,consumer,True,Email
60189c74c8b50e11d8454eff,WI,2021-02-01 19:27:32.642000-05:00,2021-02-01 19:29:09.977000-05:00,consumer,True,Email
60189c74c8b50e11d8454eff,WI,2021-02-01 19:27:32.642000-05:00,2021-02-01 19:29:09.977000-05:00,consumer,True,Email
60189c88c8b50e11d8454f2f,WI,2021-02-01 19:27:52.817000-05:00,2021-02-01 19:27:52.868000-05:00,consumer,True,Email
60189c74c8b50e11d8454eff,WI,2021-02-01 19:27:32.642000-05:00,2021-02-01 19:29:09.977000-05:00,consumer,True,Email
60189c859a1b091205b61de1,WI,2021-02-01 19:27:49.145000-05:00,2021-02-01 19:27:49.193000-05:00,consumer,True,Email
60189c74c8b50e11d8454eff,WI,2021-02-01 19:27:32.642000-05:00,2021-02-01 19:29:09.977000-05:00,consumer,True,Email
60189c74c8b50e11d8454eff,WI,2021-02-01 19:27:32.642000-05:00,2021-02-01 19:29:09.977000-05:00,consumer,True,Email
60189c94c8b50e11d8454f6b,WI,2021-02-01 19:28:04.020000-05:00,2021-02-01 19:28:04.073000-05:00,consumer,True,Email
60189c94c8b50e11d8454f6b,WI,2021-02-01 19:28:04.020000-05:00,2021-02-01 19:28:04.073000-05:00,consumer,True,Email
60186237c8b50e11d8454d5f,,2021-02-01 15:19:03.551000-05:00,,consumer,True,Email
60186237c8b50e11d8454d5f,,2021-02-01 15:19:03.551000-05:00,,consumer,True,Email
601ac1da591789121574dc07,WI,2021-02-03 10:31:38.705000-05:00,2021-02-03 10:31:38.909000-05:00,consumer,True,Email
60186237c8b50e11d8454d5f,,2021-02-01 15:19:03.551000-05:00,,consumer,True,Email
60183e6c9a1b091205b61b49,SC,2021-02-01 12:46:20.468000-05:00,,consumer,True,Email
601ac195af4b1a1205f7560f,WI,2021-02-03 10:30:29.397000-05:00,2021-02-03 10:34:11.043000-05:00,consumer,True,Email
60186237c8b50e11d8454d5f,,2021-02-01 15:19:03.551000-05:00,,consumer,True,Email
60186237c8b50e11d8454d5f,,2021-02-01 15:19:03.551000-05:00,,consumer,True,Email
601c6887969c0b11f7d0c81f,WI,2021-02-04 16:35:03.045000-05:00,2021-02-04 16:36:30.188000-05:00,consumer,True,Email
601c68d229c30a1227ada484,WI,2021-02-04 16:36:18.530000-05:00,2021-02-04 16:36:18.572000-05:00,consumer,True,Email
601c2c05969c0b11f7d0b097,WI,2021-02-04 12:16:53.700000-05:00,2021-02-04 12:20:30.228000-05:00,consumer,True,Email
601c2c6a29c30a1227ad93bd,WI,2021-02-04 12:18:34.447000-05:00,2021-02-04 12:18:34.650000-05:00,consumer,True,Email
601c2c05969c0b11f7d0b097,WI,2021-02-04 12:16:53.700000-05:00,2021-02-04 12:20:30.228000-05:00,consumer,True,Email
55308179e4b0eabd8f99caa2,WI,2015-04-16 23:43:53.186000-04:00,2018-05-07 13:23:40.003000-04:00,consumer,True,
60217fa799409b11fcf899fe,WI,2021-02-08 13:15:03.714000-05:00,,consumer,True,Email
602176c9b57b8a12187fe77e,WI,2021-02-08 12:37:13.950000-05:00,2021-02-08 12:37:13.989000-05:00,consumer,True,Email
602176a3b57b8a12187fe717,WI,2021-02-08 12:36:35.109000-05:00,2021-02-08 12:36:35.150000-05:00,consumer,True,Email
6022998599409b11fcf89c53,WI,2021-02-09 09:17:41.257000-05:00,2021-02-09 09:18:58.835000-05:00,consumer,True,Email
60229990b57b8a12187fe9e0,WI,2021-02-09 09:17:52.581000-05:00,2021-02-09 09:17:52.626000-05:00,consumer,True,Email
60229990b57b8a12187fe9e0,WI,2021-02-09 09:17:52.581000-05:00,2021-02-09 09:17:52.626000-05:00,consumer,True,Email
59c124bae4b0299e55b0f330,WI,2017-09-19 10:07:54.302000-04:00,2021-02-08 11:42:58.117000-05:00,fetch-staff,True,
59c124bae4b0299e55b0f330,WI,2017-09-19 10:07:54.302000-04:00,2021-02-08 11:42:58.117000-05:00,fetch-staff,True,
59c124bae4b0299e55b0f330,WI,2017-09-19 10:07:54.302000-04:00,2021-02-08 11:42:58.117000-05:00,fetch-staff,True,
59c124bae4b0299e55b0f330,WI,2017-09-19 10:07:54.302000-04:00,2021-02-08 11:42:58.117000-05:00,fetch-staff,True,
59c124bae4b0299e55b0f330,WI,2017-09-19 10:07:54.302000-04:00,2021-02-08 11:42:58.117000-05:00,fetch-staff,True,
59c124bae4b0299e55b0f330,WI,2017-09-19 10:07:54.302000-04:00,2021-02-08 11:42:58.117000-05:00,fetch-staff,True,
59c124bae4b0299e55b0f330,WI,2017-09-19 10:07:54.302000-04:00,2021-02-08 11:42:58.117000-05:00,fetch-staff,True,
59c124bae4b0299e55b0f330,WI,2017-09-19 10:07:54.302000-04:00,2021-02-08 11:42:58.117000-05:00,fetch-staff,True,
59c124bae4b0299e55b0f330,WI,2017-09-19 10:07:54.302000-04:00,2021-02-08 11:42:58.117000-05:00,fetch-staff,True,
6024399defa60112282c0ac9,WI,2021-02-10 14:53:01.857000-05:00,2021-02-10 14:53:02.079000-05:00,consumer,True,Email
59c124bae4b0299e55b0f330,WI,2017-09-19 10:07:54.302000-04:00,2021-02-08 11:42:58.117000-05:00,fetch-staff,True,
59c124bae4b0299e55b0f330,WI,2017-09-19 10:07:54.302000-04:00,2021-02-08 11:42:58.117000-05:00,fetch-staff,True,
59c124bae4b0299e55b0f330,WI,2017-09-19 10:07:54.302000-04:00,2021-02-08 11:42:58.117000-05:00,fetch-staff,True,
5f2068904928021530f8fc34,WI,2020-07-28 14:04:00.905000-04:00,2021-02-04 10:30:05.375000-05:00,fetch-staff,True,Email
59c124bae4b0299e55b0f330,WI,2017-09-19 10:07:54.302000-04:00,2021-02-08 11:42:58.117000-05:00,fetch-staff,True,
59c124bae4b0299e55b0f330,WI,2017-09-19 10:07:54.302000-04:00,2021-02-08 11:42:58.117000-05:00,fetch-staff,True,
59c124bae4b0299e55b0f330,WI,2017-09-19 10:07:54.302000-04:00,2021-02-08 11:42:58.117000-05:00,fetch-staff,True,
59c124bae4b0299e55b0f330,WI,2017-09-19 10:07:54.302000-04:00,2021-02-08 11:42:58.117000-05:00,fetch-staff,True,
59c124bae4b0299e55b0f330,WI,2017-09-19 10:07:54.302000-04:00,2021-02-08 11:42:58.117000-05:00,fetch-staff,True,
59c124bae4b0299e55b0f330,WI,2017-09-19 10:07:54.302000-04:00,2021-02-08 11:42:58.117000-05:00,fetch-staff,True,
602558b1efa60114d20e5dc7,WI,2021-02-11 11:17:53.738000-05:00,2021-02-11 11:17:53.798000-05:00,consumer,True,Email
602538adb54593795bf692ac,WI,2021-02-11 09:01:17.332000-05:00,2021-02-11 09:01:17.388000-05:00,consumer,True,Email
60255883efa60114d20e5d4e,WI,2021-02-11 11:17:07.502000-05:00,2021-02-11 11:18:29.219000-05:00,consumer,True,Email
602558adb5459313e1e9b7ce,WI,2021-02-11 11:17:49.831000-05:00,2021-02-11 11:17:49.893000-05:00,consumer,True,Email
6025388fb54593795bf69234,WI,2021-02-11 09:00:47.269000-05:00,2021-02-11 09:00:47.332000-05:00,consumer,True,Email
5fb0a078be5fc9775c1f3945,AL,2020-11-14 22:28:56.818000-05:00,,consumer,True,Google
60268c7aefa6011bb1510786,WI,2021-02-12 09:11:06.240000-05:00,2021-02-12 09:11:06.294000-05:00,consumer,True,Email
5a43c08fe4b014fd6b6a0612,,2017-12-27 10:47:27.059000-05:00,2021-02-12 11:22:37.155000-05:00,consumer,True,
5a43c08fe4b014fd6b6a0612,,2017-12-27 10:47:27.059000-05:00,2021-02-12 11:22:37.155000-05:00,consumer,True,
5a43c08fe4b014fd6b6a0612,,2017-12-27 10:47:27.059000-05:00,2021-02-12 11:22:37.155000-05:00,consumer,True,
5a43c08fe4b014fd6b6a0612,,2017-12-27 10:47:27.059000-05:00,2021-02-12 11:22:37.155000-05:00,consumer,True,
5a43c08fe4b014fd6b6a0612,,2017-12-27 10:47:27.059000-05:00,2021-02-12 11:22:37.155000-05:00,consumer,True,
60268c69efa6011bb151075f,WI,2021-02-12 09:10:49.408000-05:00,2021-02-12 09:12:07.107000-05:00,consumer,True,Email
5a43c08fe4b014fd6b6a0612,,2017-12-27 10:47:27.059000-05:00,2021-02-12 11:22:37.155000-05:00,consumer,True,
5fb0a078be5fc9775c1f3945,AL,2020-11-14 22:28:56.818000-05:00,,consumer,True,Google
5a43c08fe4b014fd6b6a0612,,2017-12-27 10:47:27.059000-05:00,2021-02-12 11:22:37.155000-05:00,consumer,True,
5a43c08fe4b014fd6b6a0612,,2017-12-27 10:47:27.059000-05:00,2021-02-12 11:22:37.155000-05:00,consumer,True,
5fbc35711d967d1222cbfefc,,2020-11-23 17:19:29.509000-05:00,2021-02-25 23:25:51.057000-05:00,fetch-staff,True,Email
5fbc35711d967d1222cbfefc,,2020-11-23 17:19:29.509000-05:00,2021-02-25 23:25:51.057000-05:00,fetch-staff,True,Email
5fbc35711d967d1222cbfefc,,2020-11-23 17:19:29.509000-05:00,2021-02-25 23:25:51.057000-05:00,fetch-staff,True,Email
5fc961c3b8cfca11a077dd33,NH,2020-12-03 17:08:03.936000-05:00,2021-02-26 17:39:16.799000-05:00,fetch-staff,True,Email
5fc961c3b8cfca11a077dd33,NH,2020-12-03 17:08:03.936000-05:00,2021-02-26 17:39:16.799000-05:00,fetch-staff,True,Email
5fc961c3b8cfca11a077dd33,NH,2020-12-03 17:08:03.936000-05:00,2021-02-26 17:39:16.799000-05:00,fetch-staff,True,Email
5fc961c3b8cfca11a077dd33,NH,2020-12-03 17:08:03.936000-05:00,2021-02-26 17:39:16.799000-05:00,fetch-staff,True,Email
5fc961c3b8cfca11a077dd33,NH,2020-12-03 17:08:03.936000-05:00,2021-02-26 17:39:16.799000-05:00,fetch-staff,True,Email
5fc961c3b8cfca11a077dd33,NH,2020-12-03 17:08:03.936000-05:00,2021-02-26 17:39:16.799000-05:00,fetch-staff,True,Email
5fc961c3b8cfca11a077dd33,NH,2020-12-03 17:08:03.936000-05:00,2021-02-26 17:39:16.799000-05:00,fetch-staff,True,Email
5fc961c3b8cfca11a077dd33,NH,2020-12-03 17:08:03.936000-05:00,2021-02-26 17:39:16.799000-05:00,fetch-staff,True,Email
5fc961c3b8cfca11a077dd33,NH,2020-12-03 17:08:03.936000-05:00,2021-02-26 17:39:16.799000-05:00,fetch-staff,True,Email
5fc961c3b8cfca11a077dd33,NH,2020-12-03 17:08:03.936000-05:00,2021-02-26 17:39:16.799000-05:00,fetch-staff,True,Email
5fc961c3b8cfca11a077dd33,NH,2020-12-03 17:08:03.936000-05:00,2021-02-26 17:39:16.799000-05:00,fetch-staff,True,Email
5fc961c3b8cfca11a077dd33,NH,2020-12-03 17:08:03.936000-05:00,2021-02-26 17:39:16.799000-05:00,fetch-staff,True,Email
5fc961c3b8cfca11a077dd33,NH,2020-12-03 17:08:03.936000-05:00,2021-02-26 17:39:16.799000-05:00,fetch-staff,True,Email
5fc961c3b8cfca11a077dd33,NH,2020-12-03 17:08:03.936000-05:00,2021-02-26 17:39:16.799000-05:00,fetch-staff,True,Email
5fc961c3b8cfca11a077dd33,NH,2020-12-03 17:08:03.936000-05:00,2021-02-26 17:39:16.799000-05:00,fetch-staff,True,Email
5fc961c3b8cfca11a077dd33,NH,2020-12-03 17:08:03.936000-05:00,2021-02-26 17:39:16.799000-05:00,fetch-staff,True,Email
5fc961c3b8cfca11a077dd33,NH,2020-12-03 17:08:03.936000-05:00,2021-02-26 17:39:16.799000-05:00,fetch-staff,True,Email
5fc961c3b8cfca11a077dd33,NH,2020-12-03 17:08:03.936000-05:00,2021-02-26 17:39:16.799000-05:00,fetch-staff,True,Email
5fc961c3b8cfca11a077dd33,NH,2020-12-03 17:08:03.936000-05:00,2021-02-26 17:39:16.799000-05:00,fetch-staff,True,Email
5fc961c3b8cfca11a077dd33,NH,2020-12-03 17:08:03.936000-05:00,2021-02-26 17:39:16.799000-05:00,fetch-staff,True,Email
5fa41775898c7a11a6bcef3e,,2020-11-05 10:17:09.396000-05:00,2021-03-04 11:02:02.026000-05:00,fetch-staff,True,Email
5fa32b4d898c7a11a6bcebce,AL,2020-11-04 17:29:33.309000-05:00,2021-03-04 02:21:58.047000-05:00,fetch-staff,True,Google
5fa41775898c7a11a6bcef3e,,2020-11-05 10:17:09.396000-05:00,2021-03-04 11:02:02.026000-05:00,fetch-staff,True,Email
5fa41775898c7a11a6bcef3e,,2020-11-05 10:17:09.396000-05:00,2021-03-04 11:02:02.026000-05:00,fetch-staff,True,Email
5fa41775898c7a11a6bcef3e,,2020-11-05 10:17:09.396000-05:00,2021-03-04 11:02:02.026000-05:00,fetch-staff,True,Email
5fa41775898c7a11a6bcef3e,,2020-11-05 10:17:09.396000-05:00,2021-03-04 11:02:02.026000-05:00,fetch-staff,True,Email
5fa41775898c7a11a6bcef3e,,2020-11-05 10:17:09.396000-05:00,2021-03-04 11:02:02.026000-05:00,fetch-staff,True,Email
5964eb07e4b03efd0c0f267b,IL,2017-07-11 11:13:11.771000-04:00,2021-03-04 14:07:49.770000-05:00,fetch-staff,True,
5fa41775898c7a11a6bcef3e,,2020-11-05 10:17:09.396000-05:00,2021-03-04 11:02:02.026000-05:00,fetch-staff,True,Email
5fa41775898c7a11a6bcef3e,,2020-11-05 10:17:09.396000-05:00,2021-03-04 11:02:02.026000-05:00,fetch-staff,True,Email
5fa41775898c7a11a6bcef3e,,2020-11-05 10:17:09.396000-05:00,2021-03-04 11:02:02.026000-05:00,fetch-staff,True,Email
5fa41775898c7a11a6bcef3e,,2020-11-05 10:17:09.396000-05:00,2021-03-04 11:02:02.026000-05:00,fetch-staff,True,Email
5fa41775898c7a11a6bcef3e,,2020-11-05 10:17:09.396000-05:00,2021-03-04 11:02:02.026000-05:00,fetch-staff,True,Email
5fa41775898c7a11a6bcef3e,,2020-11-05 10:17:09.396000-05:00,2021-03-04 11:02:02.026000-05:00,fetch-staff,True,Email
5fa41775898c7a11a6bcef3e,,2020-11-05 10:17:09.396000-05:00,2021-03-04 11:02:02.026000-05:00,fetch-staff,True,Email
5fa41775898c7a11a6bcef3e,,2020-11-05 10:17:09.396000-05:00,2021-03-04 11:02:02.026000-05:00,fetch-staff,True,Email
5fa41775898c7a11a6bcef3e,,2020-11-05 10:17:09.396000-05:00,2021-03-04 11:02:02.026000-05:00,fetch-staff,True,Email
5fa41775898c7a11a6bcef3e,,2020-11-05 10:17:09.396000-05:00,2021-03-04 11:02:02.026000-05:00,fetch-staff,True,Email
5fa41775898c7a11a6bcef3e,,2020-11-05 10:17:09.396000-05:00,2021-03-04 11:02:02.026000-05:00,fetch-staff,True,Email
5fa41775898c7a11a6bcef3e,,2020-11-05 10:17:09.396000-05:00,2021-03-04 11:02:02.026000-05:00,fetch-staff,True,Email
54943462e4b07e684157a532,,2014-12-19 09:21:22.381000-05:00,2021-03-05 11:52:23.204000-05:00,fetch-staff,True,
54943462e4b07e684157a532,,2014-12-19 09:21:22.381000-05:00,2021-03-05 11:52:23.204000-05:00,fetch-staff,True,
54943462e4b07e684157a532,,2014-12-19 09:21:22.381000-05:00,2021-03-05 11:52:23.204000-05:00,fetch-staff,True,
54943462e4b07e684157a532,,2014-12-19 09:21:22.381000-05:00,2021-03-05 11:52:23.204000-05:00,fetch-staff,True,
54943462e4b07e684157a532,,2014-12-19 09:21:22.381000-05:00,2021-03-05 11:52:23.204000-05:00,fetch-staff,True,
54943462e4b07e684157a532,,2014-12-19 09:21:22.381000-05:00,2021-03-05 11:52:23.204000-05:00,fetch-staff,True,
54943462e4b07e684157a532,,2014-12-19 09:21:22.381000-05:00,2021-03-05 11:52:23.204000-05:00,fetch-staff,True,
54943462e4b07e684157a532,,2014-12-19 09:21:22.381000-05:00,2021-03-05 11:52:23.204000-05:00,fetch-staff,True,
54943462e4b07e684157a532,,2014-12-19 09:21:22.381000-05:00,2021-03-05 11:52:23.204000-05:00,fetch-staff,True,
54943462e4b07e684157a532,,2014-12-19 09:21:22.381000-05:00,2021-03-05 11:52:23.204000-05:00,fetch-staff,True,
54943462e4b07e684157a532,,2014-12-19 09:21:22.381000-05:00,2021-03-05 11:52:23.204000-05:00,fetch-staff,True,
54943462e4b07e684157a532,,2014-12-19 09:21:22.381000-05:00,2021-03-05 11:52:23.204000-05:00,fetch-staff,True,
54943462e4b07e684157a532,,2014-12-19 09:21:22.381000-05:00,2021-03-05 11:52:23.204000-05:00,fetch-staff,True,
54943462e4b07e684157a532,,2014-12-19 09:21:22.381000-05:00,2021-03-05 11:52:23.204000-05:00,fetch-staff,True,
54943462e4b07e684157a532,,2014-12-19 09:21:22.381000-05:00,2021-03-05 11:52:23.204000-05:00,fetch-staff,True,
54943462e4b07e684157a532,,2014-12-19 09:21:22.381000-05:00,2021-03-05 11:52:23.204000-05:00,fetch-staff,True,
54943462e4b07e684157a532,,2014-12-19 09:21:22.381000-05:00,2021-03-05 11:52:23.204000-05:00,fetch-staff,True,
54943462e4b07e684157a532,,2014-12-19 09:21:22.381000-05:00,2021-03-05 11:52:23.204000-05:00,fetch-staff,True,
54943462e4b07e684157a532,,2014-12-19 09:21:22.381000-05:00,2021-03-05 11:52:23.204000-05:00,fetch-staff,True,
54943462e4b07e684157a532,,2014-12-19 09:21:22.381000-05:00,2021-03-05 11:52:23.204000-05:00,fetch-staff,True,
